method,model,epoch,comparison_cap,train_total,val_R_final,val_image_COR,selected_checkpoint
SFIBAI,SFibAI,1,90,1.5065592498456477,0.1755503216321766,0.15550365417091933,False
SFIBAI,SFibAI,2,90,1.3003945641771544,0.179245745010895,0.1534423810929907,False
SFIBAI,SFibAI,3,90,1.2150419877953265,0.16674495618929228,0.14526575213317233,False
SFIBAI,SFibAI,4,90,1.1468166992510047,0.16154205583330833,0.14050806052871,False
SFIBAI,SFibAI,5,90,1.087123351712105,0.17115086049637587,0.14170309131495218,False
SFIBAI,SFibAI,6,90,1.0271397750970725,0.16956940568181963,0.14105335945991435,False
SFIBAI,SFibAI,7,90,0.97176791899938,0.16283265619265713,0.13869765461289288,False
SFIBAI,SFibAI,8,90,0.9116920238411355,0.19375227281937377,0.15584900264749554,False
SFIBAI,SFibAI,9,90,0.8542691193217916,0.19578708367462597,0.14712666401263721,False
SFIBAI,SFibAI,10,90,0.7937476810257712,0.17543194323786535,0.13986863622420476,False
SFIBAI,SFibAI,11,90,0.7373545536391555,0.16696155671694424,0.14092679519810514,False
SFIBAI,SFibAI,12,90,0.6780307123397967,0.22040493997825888,0.163587649313074,False
SFIBAI,SFibAI,13,90,0.6295846821932269,0.16691995743854798,0.14231047475627845,False
SFIBAI,SFibAI,14,90,0.577543437530762,0.18055116783968936,0.1488902880799645,False
SFIBAI,SFibAI,15,90,0.5317866891057978,0.17624522846612106,0.14343888855171727,False
SFIBAI,SFibAI,16,90,0.4078357030342621,0.1766950735096851,0.14167367682519866,False
SFIBAI,SFibAI,17,90,0.3542493052462215,0.196446140570021,0.14832686000626702,False
SFIBAI,SFibAI,18,90,0.3163920536319427,0.18476854064096734,0.1468969140301065,False
SFIBAI,SFibAI,19,90,0.28842121630089046,0.18448182252303236,0.1466523144773587,False
SFIBAI,SFibAI,20,90,0.26309100718843204,0.18185993742439543,0.1472667994769409,False
SFIBAI,SFibAI,21,90,0.24051473552485675,0.18179697482622154,0.1469282052550812,False
SFIBAI,SFibAI,22,90,0.2248657173889257,0.1764090156407278,0.14432922763201037,False
SFIBAI,SFibAI,23,90,0.21098196796649463,0.1861108820070224,0.14745547788882551,False
SFIBAI,SFibAI,24,90,0.19527905814134114,0.18563570733925047,0.14654005033493941,False
SFIBAI,SFibAI,25,90,0.183567337943631,0.17908735595986536,0.1468734683619222,False
SFIBAI,SFibAI,26,90,0.17668648556688923,0.1880434477350444,0.1478659046546343,False
SFIBAI,SFibAI,27,90,0.16624317275858716,0.18852483988195362,0.14588636262382773,False
SFIBAI,SFibAI,28,90,0.15754991401826904,0.1954930139640187,0.14936930064542522,False
SFIBAI,SFibAI,29,90,0.15031594256716158,0.18530616282400655,0.1480028175795213,False
SFIBAI,SFibAI,30,90,0.14389117781751595,0.19799034581936434,0.15111444055008208,False
SFIBAI,SFibAI,31,90,0.1119127768561045,0.17872333611376728,0.1471338560872522,False
SFIBAI,SFibAI,32,90,0.09734311791991673,0.18261120745416726,0.14433719190368655,False
SFIBAI,SFibAI,33,90,0.09103855584837948,0.18201206622714217,0.1453253615483413,False
SFIBAI,SFibAI,34,90,0.0840128244234266,0.17636832109210854,0.14392833256444595,False
SFIBAI,SFibAI,35,90,0.0792876139979275,0.1848551314067925,0.14577798318524643,False
SFIBAI,SFibAI,36,90,0.07618897459773309,0.1803659129090558,0.1438470501109772,False
SFIBAI,SFibAI,37,90,0.07264997661402073,0.19021897065199622,0.14719959106271321,False
SFIBAI,SFibAI,38,90,0.06965134538280643,0.18475723753174889,0.14416903547407392,False
SFIBAI,SFibAI,39,90,0.06767051395140336,0.17490162576885787,0.14481323806621316,False
SFIBAI,SFibAI,40,90,0.06572842383126058,0.17887217959081608,0.14403334362955708,False
SFIBAI,SFibAI,41,90,0.06328333109312526,0.17771700428010417,0.14325314340828102,False
SFIBAI,SFibAI,42,90,0.06192511319366604,0.18509274496194458,0.1462400787086125,False
SFIBAI,SFibAI,43,90,0.059126575608217144,0.1751671861156204,0.14458460366805376,False
SFIBAI,SFibAI,44,90,0.057359029872804855,0.18067037160566135,0.14359374500224711,False
SFIBAI,SFibAI,45,90,0.0565357780352458,0.18618573817854475,0.14515058288819335,False
SFIBAI,SFibAI,46,90,0.04766570090270784,0.1821598090538924,0.1456044496966723,False
SFIBAI,SFibAI,47,90,0.04211631555559003,0.17380907116079242,0.14473057438720535,False
SFIBAI,SFibAI,48,90,0.03905000621464274,0.18320971081856766,0.14455492624551494,False
SFIBAI,SFibAI,49,90,0.03785032162744975,0.17283301396496487,0.14277712842072496,False
SFIBAI,SFibAI,50,90,0.036415556383467974,0.1770328676516246,0.1440278092483689,False
SFIBAI,SFibAI,51,90,0.034834861238773066,0.18027082249990756,0.14363166845006345,False
SFIBAI,SFibAI,52,90,0.03339386158981327,0.17726122026068752,0.1430965875703865,False
SFIBAI,SFibAI,53,90,0.0331168673628734,0.17557947757987763,0.14320610386518093,False
SFIBAI,SFibAI,54,90,0.032222174309506094,0.1745458811760699,0.1438487010329039,False
SFIBAI,SFibAI,55,90,0.03134084332395999,0.17688487606064035,0.14380925483755425,False
SFIBAI,SFibAI,56,90,0.03082822532681617,0.17359930168335522,0.14255213082624102,False
SFIBAI,SFibAI,57,90,0.03005151619469452,0.17513354864286806,0.14257379456662297,False
SFIBAI,SFibAI,58,90,0.029590080257482308,0.17485650864962582,0.1445698507412754,False
SFIBAI,SFibAI,59,90,0.028810832605818845,0.17495528902207708,0.14432438630869998,False
SFIBAI,SFibAI,60,90,0.028327202034399965,0.1728594803671053,0.14296656521555812,False
SFIBAI,SFibAI,61,90,0.025237212066633475,0.17345536330237457,0.14286484384931872,False
SFIBAI,SFibAI,62,90,0.02318173828052112,0.17290123676089278,0.14245436368695677,False
SFIBAI,SFibAI,63,90,0.02179626414886896,0.17568010453652128,0.1431096901413348,False
SFIBAI,SFibAI,64,90,0.020925187623139732,0.17468608092544194,0.14212972518720332,False
SFIBAI,SFibAI,65,90,0.020437393577610593,0.1726608342734882,0.14237615417413138,True
SFIBAI,SFibAI,66,90,0.019855708424460685,0.1742980642900644,0.14210596150548538,False
SFIBAI,SFibAI,67,90,0.019205034735540333,0.1728378087140166,0.14252926430651872,False
SFIBAI,SFibAI,68,90,0.019026238796401546,0.17438056107253813,0.14326109192920503,False
SFIBAI,SFibAI,69,90,0.018608829858917198,0.17540740679084782,0.14254310607671083,False
SFIBAI,SFibAI,70,90,0.01815576417042939,0.1752919997020314,0.1438214010993045,False
SFIBAI,SFibAI,71,90,0.01799241558379601,0.17692011650248676,0.1439878534088161,False
SFIBAI,SFibAI,72,90,0.017838817725776744,0.17469752866727087,0.14327020946196675,False
SFIBAI,SFibAI,73,90,0.017706727549057805,0.17308143008335355,0.14251789112401694,False
SFIBAI,SFibAI,74,90,0.017264586079477957,0.17552673103546934,0.1425254770761563,False
SFIBAI,SFibAI,75,90,0.016975252501292247,0.17577123935209232,0.14367096537726518,False
SFIBAI,SFibAI,76,90,0.01573274894640747,0.17598995123927783,0.14282023110524494,False
SFIBAI,SFibAI,77,90,0.014862627119202526,0.17516995863441398,0.14330143448216354,False
SFIBAI,SFibAI,78,90,0.014436941384865676,0.17482237179278087,0.1429656123133117,False
SFIBAI,SFibAI,79,90,0.013993508645023725,0.1762734146166059,0.1439040781018749,False
SFIBAI,SFibAI,80,90,0.013685611220263696,0.17508312886549932,0.1432675655940393,False
SFIBAI,SFibAI,81,90,0.013343571179402316,0.17537470357046236,0.14287101915881684,False
SFIBAI,SFibAI,82,90,0.013201166066434743,0.1784144043937811,0.14399524847723516,False
SFIBAI,SFibAI,83,90,0.012830873677932736,0.1746942261672733,0.14350887834299048,False
SFIBAI,SFibAI,84,90,0.012780699994042079,0.17371870981162885,0.14366532002434151,False
SFIBAI,SFibAI,85,90,0.012546849896411957,0.17546993997600333,0.14248505769621006,False
SFIBAI,SFibAI,86,90,0.012434729671488452,0.1754582303727259,0.1434290615736601,False
SFIBAI,SFibAI,87,90,0.012224455571466373,0.17559633643092296,0.1427607222623162,False
SFIBAI,SFibAI,88,90,0.012194257784876086,0.17443635692676956,0.14301158074379958,False
SFIBAI,SFibAI,89,90,0.012108126946135535,0.17370535155279915,0.1429893084429799,False
SFIBAI,SFibAI,90,90,0.011900446634458512,0.1733664381867045,0.14311745266420564,False
RE_WO_VIEW,w/o View,1,90,1.9566501826820346,0.2397244765907779,0.2095646927337546,False
RE_WO_VIEW,w/o View,2,90,1.5951185724624255,0.1685786829386622,0.14813513434456368,False
RE_WO_VIEW,w/o View,3,90,1.446992193991027,0.16441899097552287,0.14453043431367146,False
RE_WO_VIEW,w/o View,4,90,1.3375328416418366,0.15792957122519782,0.1365356276762145,False
RE_WO_VIEW,w/o View,5,90,1.2324903358860344,0.15228793972639276,0.1355544374093989,False
RE_WO_VIEW,w/o View,6,90,1.1423871397291496,0.16299660976331992,0.1367513255911521,False
RE_WO_VIEW,w/o View,7,90,1.0553778614525366,0.16948754242809383,0.13922249326524044,False
RE_WO_VIEW,w/o View,8,90,0.9688493818609227,0.20258151625807228,0.15455864073393455,False
RE_WO_VIEW,w/o View,9,90,0.8809358996151881,0.1719423321311223,0.1388601926170613,False
RE_WO_VIEW,w/o View,10,90,0.80582413764016,0.15893893001641296,0.13740857403372125,False
RE_WO_VIEW,w/o View,11,90,0.7301368168036488,0.16564126741895585,0.13663140370636004,False
RE_WO_VIEW,w/o View,12,90,0.6630298168628284,0.17571467642889887,0.13935877593671891,False
RE_WO_VIEW,w/o View,13,90,0.6054446665012917,0.15933367777286214,0.13897879952067058,False
RE_WO_VIEW,w/o View,14,90,0.5476749374491097,0.16758875771176282,0.14015203099929766,False
RE_WO_VIEW,w/o View,15,90,0.49658532934709865,0.17678843036796732,0.14252860829192343,False
RE_WO_VIEW,w/o View,16,90,0.3735756227362472,0.167767845323662,0.1381867661661234,False
RE_WO_VIEW,w/o View,17,90,0.32518404146614077,0.170977978206439,0.14064343933022008,False
RE_WO_VIEW,w/o View,18,90,0.2944682194331381,0.16598911460090515,0.1374405740980311,False
RE_WO_VIEW,w/o View,19,90,0.27082543263818726,0.16375621371521604,0.13646852442134758,False
RE_WO_VIEW,w/o View,20,90,0.24925231756321867,0.16466400748719645,0.13967537279051667,False
RE_WO_VIEW,w/o View,21,90,0.23336042984738084,0.16533970483002325,0.13894022817411228,False
RE_WO_VIEW,w/o View,22,90,0.21926589479787797,0.1579129382671862,0.14631810259769193,False
RE_WO_VIEW,w/o View,23,90,0.20932068925983904,0.16604069352523126,0.138728686873468,False
RE_WO_VIEW,w/o View,24,90,0.201513818316668,0.16216130417872854,0.13804876370627864,False
RE_WO_VIEW,w/o View,25,90,0.19070807483573812,0.1744869996779121,0.1455770054144135,False
RE_WO_VIEW,w/o View,26,90,0.1875703497243501,0.1698640344355299,0.14009257123685448,False
RE_WO_VIEW,w/o View,27,90,0.17876182046996172,0.16740055015473415,0.13961484286087264,False
RE_WO_VIEW,w/o View,28,90,0.17688359009902335,0.16806311928372586,0.13999173434602874,False
RE_WO_VIEW,w/o View,29,90,0.16911463588579412,0.16959415586681276,0.1415649101496311,False
RE_WO_VIEW,w/o View,30,90,0.16835327910606923,0.16646747584747865,0.14090745457913725,False
RE_WO_VIEW,w/o View,31,90,0.14365645721033263,0.1648303440500178,0.1368975902358629,False
RE_WO_VIEW,w/o View,32,90,0.1304789514484358,0.1607488068115376,0.13618000638345315,False
RE_WO_VIEW,w/o View,33,90,0.12660154738367774,0.16459701577044503,0.1361630949228562,False
RE_WO_VIEW,w/o View,34,90,0.1225936798155144,0.15913365524017517,0.13485408788474956,False
RE_WO_VIEW,w/o View,35,90,0.11934235712955128,0.1622778452688442,0.1382767920754255,False
RE_WO_VIEW,w/o View,36,90,0.11763052579161173,0.1616701377277771,0.13621389215823385,False
RE_WO_VIEW,w/o View,37,90,0.11527230258232711,0.16337967777497386,0.13677467744542335,False
RE_WO_VIEW,w/o View,38,90,0.11327942053139037,0.16350841886892753,0.13712907937314897,False
RE_WO_VIEW,w/o View,39,90,0.11251702365267878,0.1596401481994344,0.13650536512556374,False
RE_WO_VIEW,w/o View,40,90,0.11033291383915296,0.16124367957356728,0.13695174614488506,False
RE_WO_VIEW,w/o View,41,90,0.11036607003716595,0.16171150688753758,0.13694518675754686,False
RE_WO_VIEW,w/o View,42,90,0.10812851910668185,0.1605481589343608,0.13568885194654498,False
RE_WO_VIEW,w/o View,43,90,0.10709618684823251,0.16496684025587474,0.1379209294041029,False
RE_WO_VIEW,w/o View,44,90,0.10671050363920173,0.1626177232807904,0.13629173047741278,False
RE_WO_VIEW,w/o View,45,90,0.10565916589670153,0.16259932129321425,0.13575639332186712,False
RE_WO_VIEW,w/o View,46,90,0.09801770604605636,0.1603828830393495,0.13538172639185014,False
RE_WO_VIEW,w/o View,47,90,0.09325561215297676,0.15834856908962153,0.1355652456377522,False
RE_WO_VIEW,w/o View,48,90,0.09190176198085595,0.15865898253805472,0.13397464209697701,False
RE_WO_VIEW,w/o View,49,90,0.09010432444542923,0.16028153867971795,0.1358001067692183,False
RE_WO_VIEW,w/o View,50,90,0.08881214945545159,0.16250571260076324,0.1356718214384921,False
RE_WO_VIEW,w/o View,51,90,0.08767449072960419,0.16251799459058983,0.13541880833213413,False
RE_WO_VIEW,w/o View,52,90,0.08667920558889336,0.16010936714711807,0.13459678649017406,False
RE_WO_VIEW,w/o View,53,90,0.08653874499874824,0.16041132459682322,0.13449563383277013,False
RE_WO_VIEW,w/o View,54,90,0.08593497867002406,0.16244331825488623,0.1354756336003461,False
RE_WO_VIEW,w/o View,55,90,0.08494090439184822,0.16345291454788077,0.13611928913308163,False
RE_WO_VIEW,w/o View,56,90,0.08446913064926886,0.162338334390933,0.1351012414438938,False
RE_WO_VIEW,w/o View,57,90,0.08506183672672057,0.16264004694469605,0.13578921147006043,False
RE_WO_VIEW,w/o View,58,90,0.08363516084734679,0.16110162173359863,0.13577771909565853,False
RE_WO_VIEW,w/o View,59,90,0.08337393066379094,0.16295091652556926,0.13531464317224748,False
RE_WO_VIEW,w/o View,60,90,0.08281596553900612,0.15958123374957872,0.13519896610579327,False
RE_WO_VIEW,w/o View,61,90,0.08028457410830592,0.16036239024176419,0.13508465865158295,False
RE_WO_VIEW,w/o View,62,90,0.07813390082228967,0.1606636761498643,0.13528279766349993,False
RE_WO_VIEW,w/o View,63,90,0.07714215164906643,0.1604867396841425,0.13502655241421946,False
RE_WO_VIEW,w/o View,64,90,0.0760913642047654,0.1604006020000971,0.13543810319917876,False
RE_WO_VIEW,w/o View,65,90,0.07580204753562082,0.16129206683368683,0.1349640913238561,False
RE_WO_VIEW,w/o View,66,90,0.07549401236816079,0.15949372791793642,0.13487128413544008,False
RE_WO_VIEW,w/o View,67,90,0.07488407071680987,0.16100438012217158,0.1350956768012162,False
RE_WO_VIEW,w/o View,68,90,0.07439876977522572,0.15950326459030575,0.13458167291635298,False
RE_WO_VIEW,w/o View,69,90,0.07421940988781933,0.16117906779654811,0.13567963235413283,False
RE_WO_VIEW,w/o View,70,90,0.07386440858634681,0.16023858102281935,0.13499028400377644,False
RE_WO_VIEW,w/o View,71,90,0.07335367627602603,0.16086130381359048,0.13534238394380738,False
RE_WO_VIEW,w/o View,72,90,0.07353456599343704,0.15947264267925304,0.1345111734996458,False
RE_WO_VIEW,w/o View,73,90,0.072787260524246,0.1593146201647275,0.1348012758951068,False
RE_WO_VIEW,w/o View,74,90,0.0727428655955468,0.1608349147412747,0.13475480858481573,False
RE_WO_VIEW,w/o View,75,90,0.07256124474873371,0.15931037441180979,0.13534056158046479,False
RE_WO_VIEW,w/o View,76,90,0.07147750727717873,0.15995489721907746,0.1354061888860322,False
RE_WO_VIEW,w/o View,77,90,0.07033140306717856,0.15925085946916978,0.13461230975203453,False
RE_WO_VIEW,w/o View,78,90,0.0698086281257718,0.15851273970272625,0.13477604933464862,False
RE_WO_VIEW,w/o View,79,90,0.06949993500642242,0.15908450828745152,0.13491159012240844,False
RE_WO_VIEW,w/o View,80,90,0.06900694443648944,0.15784400680410474,0.1342583968425776,True
RE_WO_VIEW,w/o View,81,90,0.06873904364254516,0.1592462692247253,0.1351518637273879,False
RE_WO_VIEW,w/o View,82,90,0.06858106536703026,0.16166002659579867,0.13515005196542224,False
RE_WO_VIEW,w/o View,83,90,0.06825740499967163,0.16081861430313726,0.13482805901091655,False
RE_WO_VIEW,w/o View,84,90,0.0680974808956895,0.15936417848375678,0.13452989545403377,False
RE_WO_VIEW,w/o View,85,90,0.0678259365756998,0.15836583004743732,0.13449961477909642,False
RE_WO_VIEW,w/o View,86,90,0.0677195505043354,0.15952695957489235,0.13458039835525976,False
RE_WO_VIEW,w/o View,87,90,0.06736567232008762,0.15941422244395334,0.1345065963572179,False
RE_WO_VIEW,w/o View,88,90,0.067158203493099,0.15900612393331343,0.13508365379295537,False
RE_WO_VIEW,w/o View,89,90,0.06705425039022034,0.15904451844634743,0.13473767057752253,False
RE_WO_VIEW,w/o View,90,90,0.06706828160753806,0.15970632030882093,0.13509239290761232,False
RE_WO_WEAKLOC,w/o Weak Loc.,1,90,2.018852878079925,0.18952743310143866,0.16328350000128644,False
RE_WO_WEAKLOC,w/o Weak Loc.,2,90,1.6360089251185246,0.1794242367527347,0.1568403093661461,False
RE_WO_WEAKLOC,w/o Weak Loc.,3,90,1.4693994729410278,0.17124184269916556,0.14337016799538319,False
RE_WO_WEAKLOC,w/o Weak Loc.,4,90,1.3498948907286041,0.1586690558609812,0.13528085425474692,False
RE_WO_WEAKLOC,w/o Weak Loc.,5,90,1.2470102192056365,0.16847715921467857,0.1420856498999671,False
RE_WO_WEAKLOC,w/o Weak Loc.,6,90,1.153466370725355,0.16518034105237928,0.1349348473003893,False
RE_WO_WEAKLOC,w/o Weak Loc.,7,90,1.0635235578214008,0.16174372820687777,0.1345679690512456,False
RE_WO_WEAKLOC,w/o Weak Loc.,8,90,0.9782710992721254,0.19600965112108504,0.15241505701297067,False
RE_WO_WEAKLOC,w/o Weak Loc.,9,90,0.8922465827928043,0.1921752493666391,0.15133604835121775,False
RE_WO_WEAKLOC,w/o Weak Loc.,10,90,0.8128859378266291,0.17162077855542704,0.1364084152702128,False
RE_WO_WEAKLOC,w/o Weak Loc.,11,90,0.7402958553948731,0.15837183199916766,0.13492048872197057,False
RE_WO_WEAKLOC,w/o Weak Loc.,12,90,0.6691159005063835,0.1949508432439147,0.14446630974917518,False
RE_WO_WEAKLOC,w/o Weak Loc.,13,90,0.6150363545983802,0.16706770368509993,0.1399387359717179,False
RE_WO_WEAKLOC,w/o Weak Loc.,14,90,0.5490245281196222,0.18007881472274367,0.14174709662754625,False
RE_WO_WEAKLOC,w/o Weak Loc.,15,90,0.5021385643292605,0.18471872877494802,0.14523994941144258,False
RE_WO_WEAKLOC,w/o Weak Loc.,16,90,0.3751187976766984,0.17485960769633457,0.13815084982843293,False
RE_WO_WEAKLOC,w/o Weak Loc.,17,90,0.3279453046456681,0.16995020794239615,0.1398164616911083,False
RE_WO_WEAKLOC,w/o Weak Loc.,18,90,0.2928479923672798,0.1672126896088702,0.13649765778099227,False
RE_WO_WEAKLOC,w/o Weak Loc.,19,90,0.27228241420470506,0.17798810855104025,0.1385638113109107,False
RE_WO_WEAKLOC,w/o Weak Loc.,20,90,0.24623334556956836,0.16765462541703952,0.1385766416013664,False
RE_WO_WEAKLOC,w/o Weak Loc.,21,90,0.23197384381148445,0.16472296005318107,0.13728151862748622,False
RE_WO_WEAKLOC,w/o Weak Loc.,22,90,0.21728629918590084,0.17330737981191474,0.13906657076076784,False
RE_WO_WEAKLOC,w/o Weak Loc.,23,90,0.20259938202019687,0.16651456435839165,0.1360497670515356,False
RE_WO_WEAKLOC,w/o Weak Loc.,24,90,0.19344285885294568,0.16748582812689033,0.13880474973054563,False
RE_WO_WEAKLOC,w/o Weak Loc.,25,90,0.1848064876521688,0.17438080719384555,0.13906623790645437,False
RE_WO_WEAKLOC,w/o Weak Loc.,26,90,0.17762077974224025,0.17386655685896346,0.13900205730712742,False
RE_WO_WEAKLOC,w/o Weak Loc.,27,90,0.17042066344957466,0.16489488550022646,0.1362929709009989,False
RE_WO_WEAKLOC,w/o Weak Loc.,28,90,0.16312026582557373,0.17050160404901635,0.13850413187657035,False
RE_WO_WEAKLOC,w/o Weak Loc.,29,90,0.15816114470585144,0.17396044896003676,0.13900880116251377,False
RE_WO_WEAKLOC,w/o Weak Loc.,30,90,0.15159808242796016,0.16921221111462542,0.13659042884219832,False
RE_WO_WEAKLOC,w/o Weak Loc.,31,90,0.12607693286987598,0.16329588162247743,0.13552064096340125,False
RE_WO_WEAKLOC,w/o Weak Loc.,32,90,0.11418367302477415,0.17273096563298884,0.13758026797560519,False
RE_WO_WEAKLOC,w/o Weak Loc.,33,90,0.10827582121573148,0.16594461986264097,0.13528449487147462,False
RE_WO_WEAKLOC,w/o Weak Loc.,34,90,0.10237026838290504,0.1630246393368658,0.13612882152134326,False
RE_WO_WEAKLOC,w/o Weak Loc.,35,90,0.09860526368038695,0.16436718781844262,0.13448638631620277,False
RE_WO_WEAKLOC,w/o Weak Loc.,36,90,0.09457284444594889,0.16261730270414876,0.13387700888823648,False
RE_WO_WEAKLOC,w/o Weak Loc.,37,90,0.08971947833772162,0.16625394240664357,0.13372250182882406,False
RE_WO_WEAKLOC,w/o Weak Loc.,38,90,0.08718231555515586,0.1655163536483915,0.13443337570362643,False
RE_WO_WEAKLOC,w/o Weak Loc.,39,90,0.08193323273922852,0.159315032035707,0.13423397312768037,True
RE_WO_WEAKLOC,w/o Weak Loc.,40,90,0.07930978170801034,0.1641148866947361,0.13489321441227856,False
RE_WO_WEAKLOC,w/o Weak Loc.,41,90,0.0759457794980604,0.16579033760506923,0.13480721420879055,False
RE_WO_WEAKLOC,w/o Weak Loc.,42,90,0.07237697826039304,0.16088112384943998,0.1352111244416114,False
RE_WO_WEAKLOC,w/o Weak Loc.,43,90,0.06896782966347512,0.1644041975369745,0.13517154771566398,False
RE_WO_WEAKLOC,w/o Weak Loc.,44,90,0.06626485269686236,0.16486130821066255,0.1356324196367264,False
RE_WO_WEAKLOC,w/o Weak Loc.,45,90,0.06283130923447645,0.17112818114846265,0.13576403450332036,False
RE_WO_WEAKLOC,w/o Weak Loc.,46,90,0.05353574250441172,0.16460691083308104,0.13486944961337205,False
RE_WO_WEAKLOC,w/o Weak Loc.,47,90,0.04721666182796281,0.16074265685062702,0.13363907525800572,False
RE_WO_WEAKLOC,w/o Weak Loc.,48,90,0.04368429383063339,0.16141564640150477,0.1344541869181747,False
RE_WO_WEAKLOC,w/o Weak Loc.,49,90,0.04080902194815055,0.1634179154804574,0.13422778172785413,False
RE_WO_WEAKLOC,w/o Weak Loc.,50,90,0.0389880577289142,0.16768948270636186,0.13458347476959956,False
RE_WO_WEAKLOC,w/o Weak Loc.,51,90,0.03674490018927622,0.16609636471100525,0.13521900620772997,False
RE_WO_WEAKLOC,w/o Weak Loc.,52,90,0.03493079970007895,0.1619288912378531,0.13449286458363202,False
RE_WO_WEAKLOC,w/o Weak Loc.,53,90,0.03383403667971289,0.16415247983804154,0.13432289130604524,False
RE_WO_WEAKLOC,w/o Weak Loc.,54,90,0.03255754977992665,0.1647755059913556,0.1345567634168389,False
RE_WO_WEAKLOC,w/o Weak Loc.,55,90,0.03111374696043398,0.16512485437526148,0.13494626377160882,False
RE_WO_WEAKLOC,w/o Weak Loc.,56,90,0.02995901839367876,0.16503763124978615,0.1350534083008157,False
RE_WO_WEAKLOC,w/o Weak Loc.,57,90,0.029187440350254838,0.16665582009154872,0.13488015193760983,False
RE_WO_WEAKLOC,w/o Weak Loc.,58,90,0.02814889987016041,0.1636082187723792,0.13476060957644292,False
RE_WO_WEAKLOC,w/o Weak Loc.,59,90,0.027343217762642005,0.1658038437815755,0.13524746379788277,False
RE_WO_WEAKLOC,w/o Weak Loc.,60,90,0.02673803717132013,0.16240889075159448,0.1344948405963113,False
RE_WO_WEAKLOC,w/o Weak Loc.,61,90,0.02331812902208447,0.16193102515564192,0.13452605938122608,False
RE_WO_WEAKLOC,w/o Weak Loc.,62,90,0.02096597053179368,0.1641319290964411,0.13405700327826145,False
RE_WO_WEAKLOC,w/o Weak Loc.,63,90,0.0197506621179696,0.1644841902638728,0.1341146450643909,False
RE_WO_WEAKLOC,w/o Weak Loc.,64,90,0.018813721390345015,0.16483241939259163,0.13472063405417847,False
RE_WO_WEAKLOC,w/o Weak Loc.,65,90,0.018225567685853105,0.16156905672282487,0.13380304943533475,False
RE_WO_WEAKLOC,w/o Weak Loc.,66,90,0.017844564270883507,0.16213879545545265,0.1332031888544612,False
RE_WO_WEAKLOC,w/o Weak Loc.,67,90,0.0170905504603115,0.1666048675768544,0.1347121736207337,False
RE_WO_WEAKLOC,w/o Weak Loc.,68,90,0.016671869074993413,0.16094697412060527,0.1331787798468899,False
RE_WO_WEAKLOC,w/o Weak Loc.,69,90,0.01657481044785719,0.16535192714279412,0.13448141469023073,False
RE_WO_WEAKLOC,w/o Weak Loc.,70,90,0.015806827990865528,0.1640582169667244,0.13387696719308542,False
RE_WO_WEAKLOC,w/o Weak Loc.,71,90,0.015644938284703213,0.1666463357317921,0.1343032396478414,False
RE_WO_WEAKLOC,w/o Weak Loc.,72,90,0.01531327095610725,0.16364982434034142,0.13396453020731428,False
RE_WO_WEAKLOC,w/o Weak Loc.,73,90,0.014918101396156496,0.1609975859597299,0.13482505749629173,False
RE_WO_WEAKLOC,w/o Weak Loc.,74,90,0.01471989682884317,0.1645111605829595,0.13431031040903202,False
RE_WO_WEAKLOC,w/o Weak Loc.,75,90,0.014514527293626065,0.16337359816716635,0.1344764518588163,False
RE_WO_WEAKLOC,w/o Weak Loc.,76,90,0.01298322159069856,0.16487390323692225,0.13461492901532354,False
RE_WO_WEAKLOC,w/o Weak Loc.,77,90,0.012012104055214707,0.16323161280266366,0.13403578000812816,False
RE_WO_WEAKLOC,w/o Weak Loc.,78,90,0.011605429721359717,0.1640566090398851,0.13419296803521433,False
RE_WO_WEAKLOC,w/o Weak Loc.,79,90,0.011063506067724146,0.16385929324888063,0.13369157661752845,False
RE_WO_WEAKLOC,w/o Weak Loc.,80,90,0.010753443498225686,0.1633841577268454,0.133792800248528,False
RE_WO_WEAKLOC,w/o Weak Loc.,81,90,0.010492578988967194,0.16280169668230732,0.13393652948879162,False
RE_WO_WEAKLOC,w/o Weak Loc.,82,90,0.010248041557456533,0.16523509317547364,0.13401641671418535,False
RE_WO_WEAKLOC,w/o Weak Loc.,83,90,0.00999986176746456,0.16567589372218477,0.133992044887854,False
RE_WO_WEAKLOC,w/o Weak Loc.,84,90,0.009789495959394842,0.1648824327187804,0.13514016718947416,False
RE_WO_WEAKLOC,w/o Weak Loc.,85,90,0.009701891507537946,0.16263339461287699,0.13440461687970845,False
RE_WO_WEAKLOC,w/o Weak Loc.,86,90,0.009511403531766105,0.16472315673710308,0.1344163469610424,False
RE_WO_WEAKLOC,w/o Weak Loc.,87,90,0.009342334867841685,0.16225469490914635,0.13441829887959786,False
RE_WO_WEAKLOC,w/o Weak Loc.,88,90,0.00925236516631208,0.16171904479332758,0.13365688407703247,False
RE_WO_WEAKLOC,w/o Weak Loc.,89,90,0.009092143055914414,0.1648385454384697,0.13437667747308876,False
RE_WO_WEAKLOC,w/o Weak Loc.,90,90,0.008973398324980703,0.16506023329411626,0.13429967839099552,False
SYNAP,VCRE-Fib,1,90,2.1152101860024515,0.18661429760778606,0.15825493182223363,False
SYNAP,VCRE-Fib,2,90,1.7046116955893535,0.1878286585576709,0.1552015648520341,False
SYNAP,VCRE-Fib,3,90,1.53797572633756,0.17118197253256204,0.14905582529215539,False
SYNAP,VCRE-Fib,4,90,1.4210197402693887,0.15911232037800113,0.13665528909349636,False
SYNAP,VCRE-Fib,5,90,1.3147407666812336,0.16928099127512003,0.13892473918656995,False
SYNAP,VCRE-Fib,6,90,1.2218547411032856,0.16521989852164162,0.13799805980603927,False
SYNAP,VCRE-Fib,7,90,1.1305329382087825,0.1595769269961867,0.1351608296554526,False
SYNAP,VCRE-Fib,8,90,1.0447039079063556,0.21883520225465372,0.16316909376829197,False
SYNAP,VCRE-Fib,9,90,0.9566162961806426,0.1790558375686302,0.1426280717354263,False
SYNAP,VCRE-Fib,10,90,0.8767521792634703,0.16147942800379664,0.13476243854493813,False
SYNAP,VCRE-Fib,11,90,0.805256944607596,0.16293192919475447,0.1382302432424968,False
SYNAP,VCRE-Fib,12,90,0.7309110297902378,0.18075731732119577,0.14139361014979204,False
SYNAP,VCRE-Fib,13,90,0.6770167981529455,0.16409387115686502,0.14039527012384942,False
SYNAP,VCRE-Fib,14,90,0.6083885648301782,0.1678717958447395,0.14018666931970394,False
SYNAP,VCRE-Fib,15,90,0.5668264208425803,0.16804276875674484,0.14512132991688137,False
SYNAP,VCRE-Fib,16,90,0.43940746652217405,0.16403684504261679,0.13661199489709508,False
SYNAP,VCRE-Fib,17,90,0.38899027880556464,0.16342198287145662,0.13724748683197716,False
SYNAP,VCRE-Fib,18,90,0.3606454685552159,0.16336052050659788,0.13601035368238665,False
SYNAP,VCRE-Fib,19,90,0.3329556147069773,0.16628067460552365,0.13815101722863146,False
SYNAP,VCRE-Fib,20,90,0.3092867957055177,0.1661448799221295,0.13871354945536848,False
SYNAP,VCRE-Fib,21,90,0.2964120982136718,0.16278490241639845,0.13854721371767184,False
SYNAP,VCRE-Fib,22,90,0.28083528760714815,0.16970352414927733,0.13982416412973891,False
SYNAP,VCRE-Fib,23,90,0.2710185575788799,0.16553254526475197,0.1367180599950166,False
SYNAP,VCRE-Fib,24,90,0.2606045333373359,0.16369429798949622,0.13787050331619807,False
SYNAP,VCRE-Fib,25,90,0.25192827983449406,0.16953123796094116,0.13908318104479334,False
SYNAP,VCRE-Fib,26,90,0.24648570189378108,0.16889540564747407,0.14108904597977484,False
SYNAP,VCRE-Fib,27,90,0.23760648660714354,0.16216796490707866,0.13987757893500427,False
SYNAP,VCRE-Fib,28,90,0.23076505549920362,0.16976242734671326,0.14026503126239248,False
SYNAP,VCRE-Fib,29,90,0.22655830008096656,0.16709117786655464,0.1377565958707428,False
SYNAP,VCRE-Fib,30,90,0.22045504877332694,0.1667221049973375,0.14002566811830247,False
SYNAP,VCRE-Fib,31,90,0.19191575319251955,0.16172674861566805,0.13616351142693975,False
SYNAP,VCRE-Fib,32,90,0.1803486899745689,0.16545156212396064,0.13660300348213328,False
SYNAP,VCRE-Fib,33,90,0.17506795956855467,0.16416026804794187,0.1378445017987227,False
SYNAP,VCRE-Fib,34,90,0.17051341338106507,0.16491980456297933,0.13814325035797695,False
SYNAP,VCRE-Fib,35,90,0.16515779172625789,0.1597948293657921,0.13501789966348968,False
SYNAP,VCRE-Fib,36,90,0.1619099799667051,0.16126235000140587,0.13658770617689953,False
SYNAP,VCRE-Fib,37,90,0.15713334712836716,0.16228297150578233,0.13540873973120104,False
SYNAP,VCRE-Fib,38,90,0.15432725472147085,0.1649522664180267,0.13627612645025355,False
SYNAP,VCRE-Fib,39,90,0.15031373426711514,0.15929297235279571,0.13423178312913447,False
SYNAP,VCRE-Fib,40,90,0.14748164899347332,0.16222277650617412,0.13695201075122018,False
SYNAP,VCRE-Fib,41,90,0.14370334288053085,0.1643418938729636,0.13692955756867436,False
SYNAP,VCRE-Fib,42,90,0.14036322612197857,0.16212421447060968,0.13617734862811443,False
SYNAP,VCRE-Fib,43,90,0.1388047460668368,0.16141485997686433,0.13591059655401294,False
SYNAP,VCRE-Fib,44,90,0.1340341055068719,0.15805879907205847,0.13514613424973754,False
SYNAP,VCRE-Fib,45,90,0.13138118034074237,0.16320907735018475,0.13543755638614144,False
SYNAP,VCRE-Fib,46,90,0.12097659275067074,0.16194886398871133,0.1363242183479398,False
SYNAP,VCRE-Fib,47,90,0.1145844238837317,0.1560673635057482,0.134735410071078,True
SYNAP,VCRE-Fib,48,90,0.11146084599052566,0.15841666647805383,0.134187440173748,False
SYNAP,VCRE-Fib,49,90,0.10784053245721255,0.16171114331152375,0.13529257930390592,False
SYNAP,VCRE-Fib,50,90,0.10569620492382964,0.16191999757449518,0.1359170674668425,False
SYNAP,VCRE-Fib,51,90,0.10372826802632598,0.16423635296913244,0.1357633014899675,False
SYNAP,VCRE-Fib,52,90,0.10081736768296706,0.16141896878888753,0.13541376080538833,False
SYNAP,VCRE-Fib,53,90,0.09933797040371468,0.16090579777884306,0.13499146865142,False
SYNAP,VCRE-Fib,54,90,0.09759383728708877,0.16101091125253325,0.13603305491489162,False
SYNAP,VCRE-Fib,55,90,0.09654088252244741,0.16387995415038725,0.1357403306580371,False
SYNAP,VCRE-Fib,56,90,0.09533638817656129,0.15954098089651456,0.13523544257572148,False
SYNAP,VCRE-Fib,57,90,0.09405003581968074,0.15841336561575023,0.13556216119082068,False
SYNAP,VCRE-Fib,58,90,0.09296196224210436,0.16207012670955756,0.13552257942557955,False
SYNAP,VCRE-Fib,59,90,0.09178870802973087,0.1617736559116126,0.1354316386281326,False
SYNAP,VCRE-Fib,60,90,0.09159182552813783,0.16441911258906497,0.13545362754425186,False
SYNAP,VCRE-Fib,61,90,0.087543718479806,0.16028952526558882,0.13528082231819716,False
SYNAP,VCRE-Fib,62,90,0.08492288751606558,0.16069087641809232,0.13503407319712704,False
SYNAP,VCRE-Fib,63,90,0.08345708539689203,0.16193661722911112,0.13571879141315776,False
SYNAP,VCRE-Fib,64,90,0.0819885351904852,0.16159023376474949,0.13463971178381587,False
SYNAP,VCRE-Fib,65,90,0.08121101052529742,0.1606764427341665,0.1348875860716924,False
SYNAP,VCRE-Fib,66,90,0.08057804100446991,0.16173884073866265,0.1354220499554566,False
SYNAP,VCRE-Fib,67,90,0.08004858522723743,0.16133010014247007,0.13527923000517322,False
SYNAP,VCRE-Fib,68,90,0.07921238540456872,0.15855518972532762,0.13508499311579397,False
SYNAP,VCRE-Fib,69,90,0.07900912822637012,0.1597781356942634,0.13513035157319553,False
SYNAP,VCRE-Fib,70,90,0.07858731806063224,0.16063823631653726,0.13493437143706385,False
SYNAP,VCRE-Fib,71,90,0.07822743083389361,0.16105553709365147,0.134884053045791,False
SYNAP,VCRE-Fib,72,90,0.07763991724343856,0.1616899551337879,0.1360151584946466,False
SYNAP,VCRE-Fib,73,90,0.07736132228566134,0.1577117505530217,0.13437200463747445,False
SYNAP,VCRE-Fib,74,90,0.07663445494708966,0.161083402257109,0.134521590877969,False
SYNAP,VCRE-Fib,75,90,0.07664271779528362,0.1613490931852633,0.1349776625585187,False
SYNAP,VCRE-Fib,76,90,0.07460325489261671,0.16165124738878006,0.13500913198418812,False
SYNAP,VCRE-Fib,77,90,0.07351042988627188,0.15916589033201622,0.1341794526137026,False
SYNAP,VCRE-Fib,78,90,0.07306292163112149,0.16085766054736367,0.13407388116033225,False
SYNAP,VCRE-Fib,79,90,0.07240710419811978,0.16002897913859554,0.13450705171892202,False
SYNAP,VCRE-Fib,80,90,0.07209781099351387,0.15998559854450675,0.13427313725471182,False
SYNAP,VCRE-Fib,81,90,0.07206946981895535,0.15846423505337964,0.13438424629004644,False
SYNAP,VCRE-Fib,82,90,0.071570600316262,0.16066410958153213,0.13492360505585868,False
SYNAP,VCRE-Fib,83,90,0.07121213527135531,0.161265589456452,0.13497509053305246,False
SYNAP,VCRE-Fib,84,90,0.07096928406240424,0.16105470704100341,0.13476798358548192,False
SYNAP,VCRE-Fib,85,90,0.07087998595494968,0.16013041006033998,0.13465249133460452,False
SYNAP,VCRE-Fib,86,90,0.07059095436978342,0.16008670458837682,0.13469051837723697,False
SYNAP,VCRE-Fib,87,90,0.07027922399921041,0.16054056030700042,0.13476138779769814,False
SYNAP,VCRE-Fib,88,90,0.06986665870337658,0.16039796730388456,0.1345857188376416,False
SYNAP,VCRE-Fib,89,90,0.06988508596944074,0.16220080282515384,0.13477230914831542,False
SYNAP,VCRE-Fib,90,90,0.06986812138204457,0.16089780365647016,0.13473471026579786,False
